{"cameraMode":{"drawMode":0,"name":"Shaded","section":"Shading Mode"},"sceneLighting":true,"audioPlay":false,"sceneViewState":{"m_AlwaysRefresh":false,"showFog":true,"showSkybox":true,"showFlares":true,"showImageEffects":true,"showParticleSystems":true,"showVisualEffectGraphs":true,"m_FxEnabled":true},"in2DMode":false,"pivot":{"x":380.1067810058594,"y":-72.62134552001953,"z":15.947511672973633},"rotation":{"x":0.08406786620616913,"y":0.6947275996208191,"z":-0.08306793868541718,"w":0.7096168994903565},"size":199.48377990722657,"orthographic":false}